17,50,18.75,43.0,60.875,26.375,67.75,19.0,48.75,34.875
17,51,19.625,44.0,62.0,26.125,68.125,19.125,48.75,35.625
18,50,19.875,43.875,61.875,27.25,68.5,18.25,49.0,36.375
18,51,20.0,44.0,62.625,27.875,69.375,18.375,49.625,36.25
17,49,20.0,41.375,59.75,25.875,63.25,16.5,47.5,35.5
18,49,19.5,41.875,59.625,26.625,66.25,17.125,47.75,34.375
18,49,19.125,42.5,60.75,27.25,65.75,16.875,47.875,34.0
18,50,19.25,43.0,61.75,28.0,66.0,16.875,47.25,34.625
18,49,19.0,43.25,61.75,29.0,65.75,17.125,47.0,34.875
19,50,19.125,43.875,61.875,29.625,66.875,17.75,47.375,36.0
19,50,19.625,44.0,62.125,30.0,66.5,17.375,47.75,35.625
19,49,20.0,44.375,61.25,29.875,66.5,16.875,48.0,35.375
18,49,19.0,43.5,60.375,29.0,65.875,16.5,48.0,34.5
18,49,18.375,43.375,60.375,29.0,65.0,16.5,47.5,34.875
19,50,18.375,43.5,60.375,29.125,65.75,16.375,47.875,36.625
20,50,18.125,44.0,60.75,30.0,67.0,16.75,49.0,37.0
19,50,18.25,44.625,60.875,30.0,66.25,17.0,48.125,37.375
19,50,18.625,46.0,61.25,29.75,66.5,16.875,48.75,37.75
19,51,18.75,46.5,61.875,31.375,67.375,17.625,49.0,37.875
20,52,18.875,47.0,63.5,32.125,67.625,17.875,49.25,38.375
20,52,18.875,46.5,63.375,32.125,67.0,18.0,49.0,38.625
20,53,19.25,46.125,63.625,32.125,66.375,18.25,48.875,38.5
20,53,19.25,46.0,63.25,30.75,66.5,18.0,47.75,37.5
20,53,19.125,45.75,63.25,30.0,67.375,18.25,47.5,37.125
20,53,19.0,45.5,62.375,30.0,67.375,18.375,46.0,37.375
19,52,18.875,45.0,61.375,29.25,67.375,17.625,44.5,36.375
20,52,19.0,45.125,61.625,29.25,67.5,18.0,46.0,36.375
20,52,19.25,45.25,62.0,29.5,68.375,18.0,46.75,37.0
20,52,19.0,46.0,62.0,29.875,68.5,17.625,47.0,37.0
21,52,19.125,47.25,62.25,29.875,68.875,18.125,47.25,37.375
21,52,19.125,46.875,62.0,29.375,69.25,18.25,47.125,37.625
21,53,18.875,46.125,61.625,28.875,69.0,18.25,47.75,38.25
20,52,18.625,46.375,61.375,28.875,68.375,17.75,47.75,38.0
21,52,19.0,46.125,62.25,28.75,69.75,18.375,47.375,38.75
21,53,19.125,46.375,63.0,29.125,70.5,18.875,48.25,40.25
21,53,20.0,46.875,63.25,28.75,70.0,18.625,48.0,39.625
21,52,19.875,46.75,63.5,28.375,69.875,18.125,48.5,40.625
21,52,19.25,46.375,63.25,27.625,69.5,18.125,49.125,40.375
21,52,19.375,45.75,63.375,27.5,69.625,18.375,49.5,40.25
21,52,19.25,46.875,63.5,28.125,70.625,18.625,49.875,40.75
20,52,19.625,46.75,63.25,29.25,70.625,18.375,49.0,40.375
20,52,19.5,46.875,62.875,29.5,70.25,18.125,47.75,40.25
20,53,19.5,47.0,63.0,30.375,70.125,18.0,48.375,39.5
20,53,19.375,47.0,63.25,30.125,69.75,18.25,48.625,39.0
21,54,19.25,46.75,63.25,30.25,68.75,18.875,48.625,39.25
21,54,19.5,46.375,63.75,30.5,68.75,18.875,49.5,40.0
21,53,19.875,46.25,63.125,30.0,68.0,18.75,50.125,39.625
21,53,19.25,45.0,62.5,29.875,67.0,18.875,50.25,38.875
21,53,19.25,45.875,62.0,30.25,67.125,19.0,50.0,39.875
21,53,19.875,45.625,62.125,30.0,67.5,19.375,50.625,40.75
21,54,20.625,45.625,62.375,29.75,67.375,19.75,50.75,40.75
21,55,21.125,46.625,62.75,29.875,68.125,20.0,51.5,42.0
21,55,23.125,47.25,63.625,30.125,69.75,20.125,52.125,42.125
22,57,25.0,48.125,63.75,31.0,69.625,20.0,53.0,42.25
21,58,25.125,47.75,63.125,30.625,69.125,20.125,52.25,41.75
21,58,23.875,47.875,63.625,31.625,69.125,21.5,51.0,41.875
21,57,23.625,47.75,63.625,31.375,69.375,20.875,51.0,42.25
20,56,22.875,47.25,63.75,30.25,68.75,20.125,50.5,40.625
20,54,22.625,46.25,62.375,29.75,67.625,19.625,50.375,40.0
20,55,24.0,45.375,61.625,29.875,66.375,20.125,49.5,40.0
20,54,24.375,44.75,61.875,30.0,66.5,20.0,50.25,40.125
20,53,23.375,44.0,61.5,30.0,66.25,19.875,50.0,39.5
20,53,23.25,44.5,61.75,29.875,66.5,19.75,49.25,39.0
19,52,23.125,44.125,61.875,29.375,65.25,19.25,48.75,38.375
20,52,23.125,45.0,62.625,29.625,65.875,19.875,48.5,38.5
21,54,24.0,45.875,64.25,31.5,65.625,19.75,48.75,39.375
20,54,23.75,45.5,64.625,30.875,65.875,19.875,48.5,40.5
21,55,23.625,45.75,64.875,30.75,66.125,20.25,48.625,41.125
21,54,23.875,45.5,65.625,30.75,67.375,20.0,48.5,40.875
21,54,23.875,45.25,65.375,31.125,67.875,19.875,48.125,40.875
21,54,23.5,45.25,65.75,30.0,68.625,20.0,48.125,41.5
20,54,22.0,43.75,63.875,28.5,66.5,18.125,45.25,39.875
20,53,22.0,42.875,64.25,28.375,66.625,18.375,45.125,39.125
20,53,21.875,42.625,64.25,28.0,66.25,18.125,44.75,39.125
20,53,21.75,42.75,64.0,27.75,66.375,18.125,44.25,38.75
20,53,21.5,42.625,63.75,27.375,65.375,18.5,44.25,38.125
20,53,21.25,42.625,63.875,27.75,65.75,18.125,44.25,38.375
20,54,21.75,43.125,64.0,28.625,66.125,19.125,44.375,38.875
20,54,21.625,43.5,64.25,28.625,66.5,19.0,44.0,39.25
20,54,21.625,43.125,64.625,28.875,66.375,18.875,43.125,39.625
20,54,21.875,42.875,64.75,28.375,66.25,18.875,43.5,40.125
21,54,21.5,42.625,64.125,28.25,66.375,18.75,43.0,39.375
21,54,21.0,42.5,63.875,28.75,66.75,18.25,43.25,38.875
21,55,21.125,43.25,64.125,29.0,67.0,18.25,44.0,39.375
22,56,21.375,43.75,64.25,29.25,67.75,18.375,44.375,39.75
21,55,21.125,44.0,64.25,29.375,66.875,18.375,44.25,39.25
21,55,20.625,43.125,63.875,29.625,67.0,18.125,43.5,38.25
21,55,20.75,43.25,62.75,28.875,66.75,18.625,43.0,38.25
21,55,20.625,43.625,62.875,28.625,66.625,18.75,42.25,38.375
21,55,20.5,43.75,64.125,28.875,66.75,18.625,43.125,38.5
21,54,20.375,43.375,63.75,28.25,65.5,18.5,43.0,37.25
21,53,20.125,42.625,63.625,28.25,65.625,18.125,43.0,37.5
22,54,20.375,42.5,63.0,28.625,66.125,18.25,44.25,38.375
22,55,20.625,43.0,63.125,29.25,66.0,18.625,44.5,37.625
22,54,20.375,42.5,62.5,28.375,65.25,18.5,44.625,36.75
22,53,19.75,42.375,62.0,28.25,63.875,18.25,44.5,36.0
21,53,19.625,41.75,61.75,28.875,63.25,18.5,44.5,36.375
22,54,19.875,41.875,61.5,29.125,62.875,18.5,44.75,37.25
23,53,19.625,41.625,60.25,29.0,62.75,18.0,44.75,37.375
23,53,19.875,42.375,60.625,28.875,63.25,18.5,44.875,38.125
23,53,19.875,41.875,60.5,28.625,62.5,18.75,45.0,36.625
23,53,20.25,40.75,60.125,29.0,61.75,18.75,45.25,36.625
23,53,19.875,40.0,59.5,28.75,61.5,18.625,45.0,36.0
24,54,19.875,41.0,59.5,29.5,62.5,19.25,46.0,37.5
24,53,20.0,43.0,59.75,29.375,62.0,19.375,47.0,38.0
24,52,20.0,42.375,59.625,29.0,63.125,19.375,46.625,38.0
24,52,19.75,41.875,60.375,28.875,63.75,19.5,46.75,38.75
24,53,20.625,41.625,60.875,29.375,64.125,19.75,46.5,38.0
24,52,20.75,41.25,61.0,29.0,63.625,19.25,45.875,38.25
24,54,20.75,42.875,61.5,29.75,64.75,19.5,47.75,38.75
24,54,20.5,42.875,61.25,29.625,64.75,19.75,47.875,39.875
24,54,20.625,43.625,61.875,29.375,64.75,20.0,47.25,38.875
24,54,21.125,43.875,62.25,29.5,64.875,20.25,46.25,38.75
25,55,21.125,44.75,63.25,29.875,65.75,20.875,47.25,39.875
25,55,21.25,45.0,63.5,30.25,66.5,21.125,47.375,39.75
24,55,20.75,45.0,62.75,29.625,65.625,20.125,47.875,38.875
24,55,21.125,45.125,62.75,29.375,65.875,21.0,48.5,39.125
24,54,21.5,44.25,62.375,29.125,65.5,20.375,47.625,38.375
24,54,22.375,44.25,62.875,29.25,64.625,21.25,48.25,39.25
25,54,23.0,45.125,64.0,29.5,65.25,21.5,48.75,39.75
25,53,23.125,44.5,64.0,29.125,65.5,21.375,48.875,39.375
25,53,22.75,44.25,64.125,28.875,65.875,21.25,49.0,38.75
25,53,22.375,43.25,63.5,28.75,65.125,20.75,48.0,38.375
25,53,22.5,43.75,63.875,29.125,65.625,20.75,48.125,38.5
25,52,21.625,44.0,64.0,29.0,65.625,20.375,47.5,38.25
26,53,21.75,44.75,64.125,29.875,66.0,21.125,49.0,38.5
26,53,22.625,43.75,64.25,29.375,66.0,21.25,48.0,38.625
26,52,23.0,43.5,64.875,30.25,66.5,21.75,47.875,38.375
26,52,22.25,43.125,64.375,30.125,65.625,21.25,46.375,38.5
26,52,22.5,43.875,64.625,29.875,65.375,20.875,46.0,38.125
26,53,22.5,43.875,64.375,30.0,65.125,20.875,46.375,37.625
26,53,22.75,44.125,64.25,30.375,65.125,21.0,47.5,37.25
26,52,22.375,43.25,64.0,31.0,64.75,20.625,47.875,36.875
26,53,22.5,43.875,64.5,31.5,65.375,21.125,48.625,37.125
26,53,22.625,43.625,65.0,32.25,66.0,21.125,48.75,38.125
26,53,22.5,43.5,65.375,31.625,66.125,21.5,49.0,37.5
25,53,22.25,43.125,65.0,31.5,66.375,21.25,47.25,38.125
25,53,22.125,42.625,64.75,31.0,65.625,21.125,46.375,37.375
25,53,22.125,43.25,65.125,30.625,66.625,21.5,46.75,37.5
25,53,21.75,42.75,64.625,30.625,65.75,21.0,46.125,37.0
25,53,21.25,41.25,63.75,30.125,65.25,20.25,45.0,36.5
25,53,21.5,41.375,64.25,30.5,65.25,20.5,45.5,36.75
26,53,21.0,41.5,64.125,30.375,65.625,20.375,45.25,37.0
25,52,21.0,40.75,64.25,30.375,65.75,19.875,45.25,36.75
26,52,21.125,41.25,64.875,30.875,66.25,20.875,45.5,37.0
26,52,22.125,41.25,66.125,31.25,66.5,21.875,47.125,37.5
27,53,21.75,41.0,65.75,31.125,67.5,21.625,47.5,37.375
27,53,21.75,41.125,65.375,31.0,67.5,21.5,46.75,38.125
27,52,21.25,41.0,65.625,31.125,67.75,20.875,46.25,38.0
27,52,21.375,41.375,65.125,31.0,67.5,20.875,45.625,37.625
27,52,21.5,41.75,65.0,30.875,66.75,20.875,45.375,38.25
26,51,21.5,40.875,64.875,30.5,68.0,20.75,44.625,37.625
27,51,21.25,39.375,63.875,30.0,67.125,20.125,44.0,36.875
26,50,20.5,39.0,63.125,29.875,65.375,19.75,43.125,36.5
26,51,20.75,39.25,63.125,30.25,65.0,19.75,43.125,36.125
26,50,20.75,40.375,63.0,30.0,65.625,19.875,42.75,36.375
26,49,20.75,40.0,62.625,29.625,64.75,19.625,41.0,36.375
26,49,21.5,39.0,63.0,29.625,64.25,19.75,41.75,36.25
26,50,21.75,39.0,62.75,29.625,65.125,19.875,41.75,36.25
26,49,21.875,38.875,64.0,29.625,64.75,20.0,41.5,36.0
25,49,21.75,39.125,64.5,30.0,64.125,19.5,41.125,35.75
25,49,21.25,39.0,63.875,29.875,63.5,19.625,40.75,35.125
25,49,21.125,38.75,63.0,29.5,63.75,19.75,41.0,35.0
26,49,21.5,39.125,62.25,29.75,64.75,19.875,41.75,35.375
26,49,21.25,39.25,63.0,29.5,64.5,19.875,42.125,35.25
26,49,21.125,39.375,62.625,29.25,64.875,19.875,42.125,35.375
26,49,21.375,39.625,62.5,29.625,65.5,20.125,42.75,36.375
26,49,22.5,39.5,62.875,29.5,65.75,20.125,42.0,36.625
26,49,22.25,39.0,62.0,29.875,66.0,20.375,42.25,36.75
25,49,21.875,39.125,61.0,29.5,64.5,19.875,42.25,36.25
26,51,22.125,40.0,62.875,30.0,65.25,20.875,42.125,36.75
26,51,22.125,40.125,64.0,30.0,65.875,21.0,41.875,36.625
26,51,22.125,40.625,64.0,29.875,66.375,20.875,41.625,36.5
26,51,22.125,40.625,64.375,29.875,66.875,21.0,42.125,35.75
26,51,22.0,40.25,63.75,30.375,67.375,20.75,42.75,36.5
27,51,22.0,40.375,63.875,30.25,69.0,20.625,42.75,37.125
27,51,22.125,40.625,64.125,30.25,68.75,20.375,42.75,37.75
27,51,22.125,41.0,64.875,30.375,68.75,20.25,43.75,37.875
27,51,22.0,40.625,64.625,30.25,68.5,20.0,43.5,37.5
27,51,21.875,40.625,65.25,30.25,69.625,21.125,43.875,38.375
27,50,21.875,40.625,64.625,30.0,70.5,21.0,43.375,37.875
27,50,21.875,40.375,64.75,30.625,70.125,21.375,43.625,38.375
27,50,21.75,40.625,65.0,30.25,70.0,21.375,43.75,38.375
26,50,21.625,40.5,65.875,30.375,69.375,21.375,43.875,39.25
27,50,21.0,40.875,66.375,30.375,69.5,21.625,44.25,38.875
27,50,21.25,41.0,66.875,30.375,69.625,21.625,44.25,39.375
27,50,21.75,41.5,67.0,30.25,69.375,21.75,44.25,39.625
27,50,21.5,41.875,67.75,30.25,69.625,21.875,44.25,39.625
28,50,21.625,42.125,69.0,30.875,70.375,21.75,44.375,40.125
28,50,21.625,42.875,69.625,30.875,71.5,22.25,44.625,39.875
28,50,21.5,42.5,70.125,31.625,71.375,22.375,46.0,40.0
28,50,21.75,41.625,71.375,31.5,71.5,21.875,45.75,41.0
28,50,22.25,42.0,72.0,31.625,71.625,22.0,46.375,41.25
28,50,22.75,42.125,72.25,31.5,72.25,21.875,46.5,41.375
29,50,22.875,42.75,74.0,32.625,73.75,22.625,47.625,41.875
29,51,22.625,43.125,74.5,32.625,73.5,23.0,46.75,41.875
29,51,22.75,43.0,74.0,33.125,73.25,22.5,46.5,41.5
28,50,22.375,42.125,73.0,32.875,73.0,21.875,45.625,40.375
28,50,22.375,42.625,73.25,32.875,72.875,21.875,45.875,40.75
28,50,22.25,42.75,73.25,32.875,72.25,21.5,45.875,40.875
29,51,22.875,42.75,72.5,32.75,72.125,21.75,47.0,41.5
29,51,22.625,43.0,74.5,32.875,72.75,22.0,45.25,41.75
29,51,22.25,42.25,75.375,32.75,71.875,21.0,45.0,41.5
30,51,22.25,43.375,77.375,33.125,73.875,22.25,45.75,42.25
29,53,22.5,44.0,77.875,33.25,73.25,22.5,46.0,42.125
29,52,22.375,43.0,77.875,32.875,72.875,21.75,45.0,42.25
29,52,22.25,43.75,77.0,33.0,73.0,21.625,45.125,42.25
29,52,22.125,43.875,75.75,33.125,73.0,21.375,44.75,42.125
28,52,22.75,43.75,75.0,33.125,72.25,20.375,44.125,41.125
28,52,22.625,44.125,75.75,33.375,72.5,21.0,44.0,41.5
28,53,23.25,44.375,76.375,34.375,72.0,21.75,44.0,41.625
28,54,23.625,44.375,77.25,35.0,71.625,22.0,44.875,41.625
28,54,23.0,43.625,78.375,35.25,72.125,21.625,44.25,41.875
28,54,23.125,43.625,79.0,35.125,72.125,21.625,44.0,41.25
28,53,22.75,43.375,78.5,34.625,71.0,21.25,43.0,41.0
28,52,22.5,42.875,78.125,34.5,70.5,20.625,42.25,40.875
28,52,22.375,43.125,78.0,35.0,70.375,20.875,43.0,40.625
28,52,21.375,43.375,77.75,35.125,69.625,19.875,42.75,40.375
28,52,21.375,43.375,77.75,34.875,70.0,20.125,42.5,39.875
27,51,20.75,42.5,76.5,33.0,68.0,18.875,40.75,39.125
27,51,20.75,42.375,76.5,32.75,68.5,19.625,41.125,38.5
27,51,21.0,41.875,76.75,33.125,68.75,19.5,41.25,38.875
27,50,20.25,41.625,76.0,32.75,68.25,18.875,41.25,38.375
27,49,20.125,41.375,76.5,32.5,68.75,19.25,41.625,38.625
27,50,20.375,41.375,75.75,32.75,69.375,19.625,41.75,39.375
27,50,20.625,41.5,76.125,32.875,69.125,19.875,42.375,39.0
27,50,21.0,41.75,75.875,33.0,69.5,19.75,42.125,39.75
27,50,21.125,41.75,76.0,32.75,69.375,19.875,41.375,39.875
27,50,20.875,40.75,75.75,31.875,69.25,19.375,41.25,39.25
27,50,20.5,41.625,75.375,32.25,69.25,19.625,41.75,39.625
27,50,20.5,41.5,75.375,32.5,71.5,19.875,42.125,40.125
27,50,21.0,41.875,76.875,32.5,70.875,20.5,42.25,40.125
27,49,21.125,42.125,77.25,31.875,70.25,20.375,42.25,39.875
27,49,21.0,41.75,77.375,31.75,70.5,20.25,41.625,39.625
28,50,21.25,42.0,77.875,31.875,70.25,20.75,42.0,40.0
28,50,21.25,41.875,78.0,31.625,70.75,21.0,42.75,40.625
28,50,21.125,40.625,77.375,30.75,71.625,21.125,43.0,40.625
27,50,20.75,40.0,76.625,29.0,71.0,20.75,42.875,39.875
27,50,20.75,39.875,76.5,29.125,71.0,20.5,42.125,40.0
27,50,20.875,39.875,76.875,28.5,71.0,20.625,42.0,40.625
27,50,20.5,40.125,76.75,28.875,71.0,21.125,41.5,40.25
27,50,20.625,40.25,76.5,28.75,70.75,21.0,41.875,40.0
27,51,20.25,39.75,76.625,28.25,70.375,20.875,42.625,40.25
27,51,20.375,40.0,76.25,28.5,70.125,20.875,43.75,41.0
27,50,20.125,40.375,76.0,27.25,69.75,21.5,43.375,41.125
26,50,19.875,40.0,76.125,26.5,69.625,21.5,42.25,40.625
26,50,19.375,39.75,74.75,25.75,69.875,21.0,41.625,40.625
26,50,19.5,39.5,75.0,25.625,68.875,20.625,41.0,40.5
26,50,19.5,39.75,74.875,25.5,68.375,21.125,41.375,40.125
26,50,19.375,40.0,74.5,25.75,68.375,21.0,41.125,40.375
26,50,19.625,40.0,75.125,26.25,68.0,21.625,41.25,40.75
27,50,20.0,40.5,75.375,27.0,68.0,22.0,41.75,41.375
26,50,19.75,40.5,75.25,27.75,67.0,21.75,41.625,41.125
26,50,19.625,39.625,75.25,27.75,66.75,21.875,41.5,40.125
26,50,20.125,40.25,76.75,28.0,67.5,22.0,42.25,41.0
26,50,20.125,40.75,77.125,27.875,67.375,21.625,42.25,41.25
27,50,20.125,40.875,77.375,28.25,67.75,21.625,42.375,41.5
26,52,19.875,40.875,77.625,28.25,67.0,20.875,43.0,41.25
26,51,20.125,40.5,78.0,28.125,66.375,21.125,42.0,41.125
26,51,20.0,40.5,78.875,28.375,66.375,21.375,42.5,41.25
27,50,19.75,40.75,79.5,28.125,67.125,21.75,42.25,41.5
27,50,19.75,40.625,79.375,27.125,67.5,21.875,42.5,41.75
27,51,19.875,40.375,80.0,26.625,67.125,21.625,41.75,41.375
26,51,19.875,40.0,79.75,26.5,67.0,22.0,42.375,41.25
27,51,20.0,40.0,81.0,26.375,67.25,21.875,42.5,42.0
27,51,20.0,40.375,82.5,26.25,66.875,21.75,42.75,42.75
26,50,20.125,40.25,82.25,26.5,67.125,21.625,42.5,43.875
26,50,19.875,40.125,82.375,26.125,66.875,21.25,42.875,43.625
26,50,20.125,40.625,83.5,26.75,67.5,21.75,43.625,43.875
27,50,20.0,41.125,84.0,26.25,68.75,21.5,44.0,44.125
28,49,19.875,42.25,84.625,26.125,70.25,21.625,44.0,44.125
28,50,20.0,42.625,86.0,26.5,70.5,21.625,44.125,44.875
27,51,20.125,42.5,85.625,26.75,70.5,21.625,44.375,45.25
28,51,20.25,42.25,86.375,26.625,71.5,22.0,44.5,44.125
28,50,20.375,42.25,86.875,27.0,71.75,22.125,44.375,44.125
28,51,20.5,42.0,86.75,27.375,71.0,22.125,44.375,44.25
28,50,20.125,41.75,87.0,27.75,71.25,22.0,44.625,44.75
28,51,19.875,42.125,88.125,27.875,71.125,22.5,45.125,45.0
28,51,20.125,43.625,89.0,28.0,71.25,22.875,45.875,44.25
28,51,20.25,44.375,91.25,27.75,71.125,22.25,44.75,45.25
27,50,20.0,44.125,90.0,27.5,70.75,21.75,45.5,45.625
27,50,20.0,43.25,88.875,27.0,69.875,22.0,45.0,44.75
27,50,20.125,43.375,88.75,27.375,68.75,22.0,45.25,43.5
27,49,20.0,43.875,89.0,27.375,68.25,21.75,45.125,43.875
27,49,20.0,43.875,89.125,26.875,68.375,22.0,45.0,44.25
27,50,20.125,43.75,89.625,27.375,68.5,22.0,44.875,44.375
27,50,20.0,44.125,90.25,28.125,68.375,22.25,45.625,44.5
28,50,20.0,43.75,89.75,27.625,68.0,22.375,45.375,44.625
27,50,20.0,43.0,88.375,27.5,67.75,21.625,45.125,44.25
27,50,20.0,43.0,88.625,27.75,67.375,21.375,45.25,44.125
27,50,20.0,42.0,86.75,27.5,66.625,21.0,44.875,43.375
27,50,20.125,42.375,86.375,27.75,66.5,21.125,44.375,42.75
27,50,20.25,43.125,87.375,28.0,67.25,21.5,44.75,43.75
27,50,20.5,42.625,87.375,28.0,66.25,21.25,44.5,43.5
28,50,20.625,43.375,88.5,28.375,66.75,22.0,44.75,43.875
28,50,20.75,44.25,88.75,28.5,68.0,22.125,45.0,43.75
29,50,21.625,43.875,90.0,29.25,69.375,22.875,45.375,44.5
29,50,21.375,43.875,89.75,29.125,68.625,22.25,45.25,44.875
28,53,21.5,44.125,89.5,29.625,68.25,22.0,45.125,45.375
28,52,21.625,44.625,89.75,29.375,68.0,21.875,44.75,44.875
29,52,21.5,44.875,90.0,29.0,67.875,21.625,44.625,44.375
29,53,21.75,45.75,90.75,29.0,68.0,22.125,45.125,45.0
29,53,21.625,45.5,91.25,28.5,68.0,21.875,44.875,44.875
30,53,21.75,45.875,92.25,28.0,68.625,22.0,44.875,45.0
30,54,22.125,45.875,92.625,28.125,69.0,22.5,45.25,45.25
30,53,21.5,44.875,89.375,27.5,67.5,22.25,44.125,44.5
29,53,21.5,45.0,89.5,27.125,66.75,21.5,44.0,43.75
29,53,21.625,45.125,90.375,27.25,66.125,21.5,43.75,43.625
29,53,21.875,45.375,90.75,27.5,66.125,21.5,43.5,43.5
28,53,22.0,45.125,90.875,27.0,66.0,21.125,42.75,43.0
28,53,21.875,45.0,90.375,26.75,66.375,21.0,43.375,43.5
29,54,21.75,45.375,90.25,26.75,66.875,21.0,43.75,44.25
29,53,22.0,45.0,91.125,27.125,67.0,20.875,44.0,44.5
30,53,22.375,45.625,92.5,27.0,67.375,22.0,44.125,45.0
30,54,22.0,45.5,91.875,27.5,68.625,22.25,44.5,45.5
30,54,21.875,45.25,91.625,27.625,69.0,22.0,45.125,46.5
30,53,21.375,44.625,91.875,27.25,69.0,22.0,45.125,46.5
30,53,21.25,45.0,91.625,27.625,67.875,21.75,44.875,46.625
30,53,20.875,45.0,91.75,27.5,67.75,21.375,44.75,46.375
30,53,21.125,45.0,91.125,28.0,67.875,21.875,44.5,46.5
30,54,20.75,45.125,91.25,28.125,67.875,21.625,44.125,46.375
31,54,21.0,45.125,91.375,28.5,67.75,21.5,44.375,46.75
31,55,21.375,45.125,92.5,27.75,67.625,21.875,44.75,46.5
30,54,21.0,44.75,92.5,27.375,67.0,21.5,44.375,45.75
31,55,21.375,45.625,92.0,27.75,67.625,22.0,45.25,46.375
31,55,21.25,45.75,93.0,27.5,67.375,21.875,45.0,46.125
32,56,21.25,46.375,94.125,27.625,68.0,22.0,44.875,47.375
32,56,20.875,46.375,93.875,26.875,68.625,22.0,45.0,47.625
32,56,21.0,46.125,93.75,27.125,68.875,22.125,44.875,48.375
32,56,21.25,45.5,88.125,27.375,68.625,22.5,45.125,48.625
32,56,20.75,45.75,85.125,27.375,68.75,22.125,45.25,48.25
32,56,20.625,45.25,85.875,26.75,69.0,22.0,45.25,48.125
32,56,20.25,45.25,84.125,26.625,69.375,21.875,45.25,48.875
33,56,20.625,45.875,84.375,26.75,69.875,21.75,45.125,52.375
33,55,20.5,45.25,84.75,26.875,69.875,22.125,44.875,52.0
34,56,20.625,45.25,84.5,27.125,69.625,22.125,44.75,51.375
34,56,20.75,45.125,83.5,26.75,69.875,22.0,44.125,51.5
34,56,20.625,45.0,82.0,26.75,70.0,22.25,44.25,51.0
34,56,20.5,44.875,80.625,26.625,69.625,22.0,44.75,50.5
34,56,20.625,44.0,80.375,26.75,70.125,22.0,44.75,50.625
33,57,20.375,43.75,78.75,26.25,68.875,21.875,43.875,50.0
33,56,20.625,43.875,78.75,26.375,68.375,21.875,43.25,50.25
33,56,20.75,43.5,78.625,26.25,68.375,21.875,42.875,50.0
34,56,20.625,43.625,79.125,26.25,68.375,21.875,42.875,50.375
35,56,20.875,44.125,79.375,26.375,68.875,22.125,43.5,51.625
36,56,20.875,45.125,78.875,26.25,69.25,22.25,44.0,52.5
36,56,20.875,45.625,78.625,26.125,69.625,22.25,43.75,51.5
35,57,21.0,45.875,78.75,26.875,70.125,22.0,44.0,51.75
35,57,21.125,46.125,78.875,26.125,70.75,22.0,44.25,51.625
35,57,21.25,46.0,79.0,26.125,71.125,22.125,45.0,51.5
35,57,21.375,46.5,78.75,26.0,71.375,22.375,45.625,51.625
35,57,21.5,45.875,78.625,25.875,71.125,22.125,45.75,51.5
35,58,21.875,46.0,80.125,25.875,71.75,22.25,46.25,51.375
35,58,22.0,45.625,80.5,25.875,71.625,22.375,45.75,51.25
35,58,22.375,46.0,80.25,25.375,71.75,22.375,45.875,51.625
36,57,22.0,45.5,79.5,25.125,71.375,22.25,44.75,51.25
35,57,22.25,45.5,79.625,24.75,71.25,22.375,45.5,51.375
35,57,22.5,45.25,79.75,25.0,71.25,22.375,45.0,51.25
35,58,22.375,45.125,79.375,25.375,71.375,22.0,46.0,51.125
33,57,22.0,44.875,78.875,25.25,72.0,21.875,45.125,50.0
34,57,21.75,45.0,78.75,24.625,72.5,22.0,44.875,50.0
34,57,21.875,45.0,78.75,25.125,72.5,22.0,45.125,50.375
34,58,21.75,44.875,78.375,25.625,73.5,22.125,45.375,51.0
33,58,21.75,44.875,79.0,25.5,73.375,22.125,45.25,50.875
34,57,21.875,44.875,79.0,26.0,73.125,22.25,45.5,50.625
34,57,21.5,44.875,79.0,25.625,73.375,22.25,45.5,50.25
34,57,21.75,45.375,79.375,26.375,74.5,22.375,45.5,50.875
33,56,21.5,44.875,79.0,26.375,73.0,22.25,45.375,50.875
33,57,21.625,45.375,78.875,26.625,73.125,22.125,45.25,50.875
33,57,21.5,45.5,79.125,26.5,73.125,22.25,45.125,50.75
33,57,21.375,45.5,78.625,26.5,74.25,22.125,45.125,51.375
33,57,21.875,46.25,78.5,26.25,73.5,22.25,45.0,51.25
34,57,21.75,46.875,78.125,26.5,73.75,22.5,45.125,51.125
34,57,21.75,47.75,77.375,27.125,74.0,22.75,46.125,52.375
34,57,21.5,48.125,75.625,27.0,74.625,22.375,45.25,51.625
34,58,21.375,48.125,75.5,27.25,74.625,22.5,45.0,51.75
32,58,21.25,47.75,73.25,26.0,74.125,22.5,44.875,51.125
32,57,21.0,46.75,72.875,26.0,73.5,22.125,43.875,50.0
32,58,20.5,46.375,73.625,26.125,72.625,22.0,43.0,50.25
32,58,20.5,46.25,74.75,26.125,72.75,22.0,43.75,50.375
32,58,20.375,46.375,75.25,26.375,72.75,22.125,44.75,50.375
32,58,20.5,47.25,75.5,26.125,73.875,22.0,45.75,50.625
33,59,20.625,47.875,76.25,26.0,75.875,22.0,46.375,51.25
33,59,21.0,47.75,77.25,26.25,75.875,22.25,46.375,51.5
33,59,21.125,48.0,78.125,26.375,77.0,22.0,46.375,52.625
33,60,21.5,47.75,79.25,26.625,77.0,22.125,46.125,53.5
33,59,21.625,47.625,78.75,26.0,76.625,22.125,46.875,53.0
33,60,21.875,47.75,79.625,26.5,76.875,22.375,48.0,53.375
34,60,22.25,47.0,77.75,26.875,76.5,22.25,47.875,53.25
33,60,22.375,46.375,77.375,27.0,75.375,21.875,47.625,52.75
33,59,22.5,46.125,72.0,26.75,75.75,22.375,48.625,54.625
34,58,22.25,46.0,71.375,25.5,75.5,22.375,48.25,54.375
35,58,22.125,45.75,72.25,25.75,75.75,22.5,48.625,55.0
35,57,21.75,46.125,72.375,25.75,75.5,22.625,48.5,54.625
34,57,21.75,46.25,73.25,25.75,75.875,22.75,48.375,54.875
34,57,21.5,47.0,73.375,25.0,77.25,22.75,48.5,55.125
34,57,21.125,48.25,72.875,25.125,77.75,22.875,48.375,54.75
35,57,21.25,48.125,73.25,25.25,79.5,22.5,48.375,54.875
34,58,21.0,48.5,74.75,25.875,79.25,22.875,48.625,54.875
34,58,21.0,48.125,74.375,25.625,78.125,22.75,48.75,54.125
33,58,20.375,48.125,73.875,25.5,78.0,22.875,48.625,54.375
33,58,19.875,47.625,73.0,25.5,77.875,22.75,48.375,54.25
33,57,19.75,47.375,73.0,25.375,78.0,23.0,49.0,53.75
34,58,20.25,48.25,73.875,25.75,79.0,23.625,49.0,54.5
35,58,20.375,48.875,73.875,25.625,79.5,23.25,49.125,54.125
35,57,20.125,48.75,73.875,25.625,78.875,22.875,48.5,54.125
35,58,20.125,48.875,73.875,25.5,79.125,22.75,48.5,54.5
34,58,19.75,48.625,73.5,25.375,77.875,22.75,48.25,54.0
34,58,20.25,48.375,73.25,25.5,79.25,22.5,47.5,53.375
35,58,20.125,48.75,73.25,25.25,79.0,23.0,47.875,54.5
35,59,20.25,48.375,73.125,25.25,79.625,22.75,48.0,55.0
35,59,20.0,48.0,72.75,25.5,79.625,22.75,48.0,54.25
35,59,20.125,49.375,73.25,25.5,79.5,23.0,48.0,55.0
35,57,20.125,48.875,72.25,25.125,77.875,22.25,47.75,53.625
35,57,19.75,48.375,71.75,24.625,78.375,22.5,47.5,53.625
35,57,20.0,48.625,70.625,24.875,78.25,22.625,47.625,54.125
36,57,20.375,49.5,71.25,25.25,80.5,23.0,48.125,56.0
36,57,20.25,49.625,71.5,25.0,79.875,22.875,48.25,55.625
36,58,20.375,50.125,70.75,25.0,80.375,23.375,48.25,55.375
35,58,20.125,50.125,70.75,24.625,80.125,23.25,48.125,54.875
36,58,20.0,51.125,70.75,24.125,80.0,23.5,47.875,54.625
36,58,20.125,51.875,71.0,24.25,80.0,23.625,48.125,55.75
37,58,20.0,51.5,72.375,24.375,80.75,23.875,48.375,56.625
37,57,20.25,51.25,72.25,24.0,80.0,24.0,47.625,56.875
37,57,20.75,50.875,72.0,23.625,79.5,23.625,47.5,55.375
36,58,20.875,50.125,71.875,23.625,79.0,24.0,47.5,55.875
37,57,20.5,50.0,72.25,23.375,78.75,24.5,47.75,56.125
36,56,20.5,49.75,72.75,23.75,78.5,24.25,46.875,55.5
37,57,21.125,49.75,73.0,23.625,79.0,24.5,47.125,55.5
37,57,21.0,49.5,72.625,23.75,78.25,24.375,47.375,55.0
37,56,20.875,49.875,72.75,23.375,77.625,24.375,47.375,54.875
37,57,21.125,49.75,72.75,23.625,78.375,25.0,47.875,55.875
38,57,22.0,51.0,72.625,23.75,78.875,25.0,47.875,56.375
38,57,21.5,50.25,72.5,23.625,78.875,24.625,47.625,55.625
39,57,21.5,50.75,72.25,23.625,78.75,24.625,47.5,55.75
39,57,21.0,50.625,72.625,23.25,79.125,24.25,47.625,55.625
39,57,21.125,50.625,72.625,23.25,78.75,24.125,47.25,55.625
38,57,20.875,50.375,72.125,23.0,78.5,23.75,47.0,55.625
38,57,20.875,50.75,72.125,22.625,78.625,23.875,46.875,55.625
38,57,20.625,50.75,71.25,22.375,78.625,23.75,46.75,55.625
38,58,20.625,51.375,70.625,23.0,79.0,23.75,46.75,55.5
38,58,20.625,52.75,70.375,23.0,79.25,23.375,46.5,55.625
37,58,20.625,53.0,69.625,22.875,80.0,23.5,47.125,55.75
39,58,20.5,53.25,70.375,22.5,81.0,24.375,47.625,56.5
39,58,20.375,52.75,70.5,22.125,82.25,24.5,47.5,56.75
39,59,20.5,52.75,70.5,21.25,82.5,24.375,47.625,56.375
39,58,20.5,52.5,70.875,21.75,82.5,24.5,47.625,56.375
39,58,20.625,52.5,71.5,21.625,83.625,24.625,47.875,56.25
38,58,20.375,52.5,71.0,21.625,84.25,24.75,48.375,56.375
39,58,20.125,52.25,71.0,22.125,84.125,24.5,48.125,55.875
40,58,19.875,52.0,70.5,22.125,83.5,24.5,47.875,55.625
38,55,19.5,48.0,69.625,21.5,81.25,22.375,45.5,53.0
39,54,19.375,49.5,68.5,21.75,80.875,23.5,47.0,53.75
39,54,19.375,50.25,68.75,21.375,80.625,23.25,46.875,53.25
38,54,19.25,51.375,68.75,21.125,80.75,23.375,46.875,53.75
39,54,19.625,51.5,68.625,21.5,82.875,23.75,47.375,54.875
39,54,19.625,51.0,68.75,21.125,85.0,24.625,47.375,55.25
38,54,19.5,50.125,68.25,21.375,83.125,24.375,47.5,54.625
38,53,19.0,49.875,67.5,21.125,81.875,27.125,46.875,53.625
38,53,19.0,49.875,67.125,21.0,82.625,25.0,46.75,53.125
37,52,19.125,49.5,67.125,20.875,81.375,25.125,46.5,52.625
36,52,18.875,49.125,66.5,20.25,80.5,25.25,46.875,51.625
36,52,18.75,48.5,67.875,19.625,80.375,24.75,46.5,52.125
37,52,18.375,48.875,68.625,19.75,80.75,24.25,46.875,53.375
37,53,18.25,48.75,68.75,19.5,81.875,24.25,46.875,53.375
37,52,18.75,48.5,68.625,19.25,80.5,23.5,46.875,53.375
37,52,19.0,48.125,69.5,18.875,81.125,23.25,47.25,53.25
36,52,18.625,47.375,68.375,18.0,79.625,23.25,46.875,52.25
35,52,18.625,47.5,68.625,18.375,79.75,24.25,46.875,52.5
36,52,18.625,48.0,68.5,18.875,80.875,24.125,46.875,53.625
36,52,18.5,47.875,68.25,18.75,80.0,23.5,46.875,53.25
37,52,18.375,47.875,68.625,18.75,80.625,24.375,47.125,54.375
37,51,18.25,47.375,69.125,18.75,80.25,23.875,46.875,54.5
36,51,18.375,47.25,69.25,18.5,78.0,23.625,47.0,53.75
37,50,18.25,45.875,69.125,18.625,76.75,23.25,47.125,54.5
37,50,18.25,45.25,69.25,18.875,76.5,22.875,47.0,54.125
38,49,18.125,44.0,69.375,18.875,75.375,22.875,46.875,54.375
39,44,17.125,39.5,68.25,17.625,68.625,21.375,45.875,50.625
38,43,17.0,38.5,67.625,16.375,68.5,21.0,44.5,51.625
38,43,17.125,39.75,67.5,16.0,69.25,20.875,44.375,52.25
39,43,17.125,40.125,67.75,16.375,68.5,21.125,45.25,52.125
39,44,17.25,39.5,67.0,16.625,68.625,20.875,45.5,52.75
39,44,17.125,39.875,65.5,17.25,68.25,21.125,45.5,52.625
39,43,17.125,40.375,63.5,17.625,66.75,21.125,45.5,52.375
40,43,17.125,40.0,62.75,17.25,65.5,21.125,45.875,51.75
41,43,17.125,40.125,63.125,17.375,66.0,20.875,46.625,52.625
40,43,16.75,39.875,62.875,17.125,65.625,20.75,47.0,51.625
40,43,16.375,39.875,62.75,17.125,65.5,20.75,47.375,52.125
40,43,16.375,39.125,61.625,17.25,65.125,20.125,48.125,52.125
40,44,16.125,39.125,61.375,16.875,66.25,20.25,48.25,51.875
40,44,16.0,40.25,62.0,17.125,67.375,21.125,49.25,52.625
39,45,16.125,39.75,61.5,17.5,68.625,21.0,49.375,53.875
39,45,16.125,39.375,61.875,17.5,69.625,21.0,49.75,52.875
39,45,16.125,40.0,62.0,17.5,69.375,21.5,49.25,53.375
38,46,16.25,40.0,61.625,18.25,69.5,22.125,49.0,53.25
39,46,16.125,40.0,61.625,18.5,68.875,22.5,49.5,53.375
38,46,15.625,40.125,60.875,17.75,66.875,23.0,49.25,52.5
38,45,14.875,40.125,60.125,17.0,66.0,22.5,48.75,52.5
38,45,15.125,41.0,60.125,17.0,66.375,21.75,48.25,52.875
39,46,15.25,41.25,60.25,17.375,67.25,21.625,48.375,52.0
38,46,15.75,41.875,60.75,17.25,67.375,22.375,48.75,52.625
38,45,15.625,42.625,61.0,17.125,66.875,22.5,48.625,52.75
38,44,15.5,44.25,61.5,17.25,68.875,23.0,49.25,53.0
38,44,15.375,44.0,61.75,17.5,69.5,23.25,49.375,53.875
39,44,15.375,44.375,61.25,17.5,69.5,23.75,49.375,54.25
41,45,16.125,44.25,61.75,18.0,69.75,24.25,49.875,55.5
42,46,16.0,45.25,63.375,18.0,70.0,23.375,51.25,54.875
41,45,15.75,46.25,63.0,17.875,71.0,22.875,50.75,54.75
41,45,15.75,45.875,62.5,18.0,70.0,23.25,50.5,54.75
41,45,15.375,46.375,62.875,18.5,69.875,23.375,50.0,55.0
41,44,15.125,45.875,62.625,17.875,68.25,22.5,49.25,54.375
41,42,15.25,45.125,62.25,17.75,67.25,22.25,48.75,54.125
40,42,15.625,43.875,62.25,18.0,67.25,22.625,49.375,54.0
40,41,15.5,42.75,61.5,17.625,66.625,22.125,48.375,52.625
39,41,15.25,43.25,62.25,18.0,66.625,21.875,48.0,52.25
39,41,15.375,43.0,63.0,18.125,66.75,22.5,48.125,52.125
40,41,15.125,42.375,63.0,17.625,67.5,22.5,47.875,52.0
40,41,14.875,42.625,62.75,18.0,68.0,23.375,48.75,51.625
40,41,14.375,42.375,62.25,18.25,68.25,23.875,48.375,52.75
39,40,13.875,41.75,60.25,17.375,67.125,22.875,47.5,51.5
39,40,13.5,41.625,59.875,17.75,66.625,23.125,47.625,51.75
39,40,13.375,41.75,59.875,17.625,65.375,23.0,47.0,51.5
38,39,13.25,42.0,58.25,17.5,65.0,22.375,46.875,50.5
38,39,13.25,41.625,57.625,18.0,65.25,22.0,46.25,50.0
38,39,13.125,41.5,54.875,17.75,65.125,22.25,46.0,50.125
38,40,13.125,40.75,51.375,18.375,65.375,22.375,46.5,50.0
39,40,13.25,41.125,50.375,18.125,66.0,23.0,47.875,49.875
40,40,12.875,41.625,50.625,17.875,65.75,22.25,48.25,50.25
41,39,13.25,40.75,50.875,17.625,64.125,22.25,48.25,50.0
42,39,13.0,39.625,52.5,17.5,64.125,22.125,47.625,50.75
42,38,12.875,39.25,52.125,17.0,62.625,21.75,47.625,49.875
42,38,12.75,39.5,53.25,17.5,61.75,21.5,48.0,49.875
41,37,12.875,40.25,54.875,17.625,60.75,21.0,47.75,49.5
41,37,13.375,39.75,56.25,17.75,61.0,21.25,48.375,50.125
41,36,13.375,39.625,53.5,17.875,60.125,21.125,47.375,50.0
41,36,13.5,39.75,52.875,17.875,60.625,21.5,47.875,50.875
42,36,13.375,39.75,53.125,17.625,61.0,21.625,47.625,51.125
42,37,13.25,39.75,53.75,17.625,62.875,22.0,46.875,51.875
41,36,13.25,39.75,54.5,17.5,62.125,21.625,47.375,51.125
41,36,13.625,39.375,55.125,17.0,62.25,21.125,46.875,49.875
40,36,13.875,38.75,55.25,17.0,61.375,21.25,47.125,49.75
40,36,14.5,38.875,55.25,16.5,60.75,21.0,47.0,49.5
40,36,14.75,38.25,54.25,16.25,61.125,20.875,47.375,49.5
40,36,14.875,38.625,55.125,15.625,61.25,21.625,48.25,49.75
41,36,14.125,38.625,54.5,15.75,61.5,21.375,49.0,50.375
42,37,13.875,39.375,54.5,16.125,61.25,21.625,49.5,51.125
43,37,13.875,38.75,54.5,16.25,60.5,21.25,50.0,51.625
43,38,13.75,38.75,54.5,16.25,61.0,21.5,50.5,51.75
43,37,13.5,39.5,54.625,16.25,61.625,21.0,49.75,52.25
43,38,13.625,40.25,55.0,17.0,62.0,21.5,49.75,52.625
44,37,13.875,40.75,55.25,17.0,61.125,20.875,49.75,53.5
44,38,14.375,42.75,56.625,17.625,61.875,21.625,50.5,53.625
45,37,14.5,43.0,58.0,17.125,62.0,21.75,49.625,54.5
44,37,14.375,43.75,57.25,17.125,61.75,21.625,50.25,54.375
44,37,14.125,42.625,55.875,16.875,61.75,21.5,49.75,54.5
45,37,14.25,41.25,56.0,16.875,61.625,21.75,50.0,54.5
44,37,14.375,41.375,56.0,17.0,61.875,21.875,49.625,54.625
46,37,14.5,41.625,56.75,16.625,62.625,22.375,50.5,56.0
47,37,15.125,41.875,56.5,16.0,63.875,22.25,51.25,56.125
47,37,15.25,41.25,56.25,15.875,63.5,22.0,50.25,56.75
47,37,15.5,41.875,56.0,16.0,63.875,21.875,50.75,56.75
47,37,15.5,42.375,55.375,16.375,62.625,22.25,50.375,56.125
48,37,15.5,42.25,55.375,15.875,63.25,22.25,50.25,56.75
48,38,15.625,42.75,55.625,15.75,63.5,22.375,50.75,56.625
48,38,16.25,43.75,56.125,15.375,64.125,22.75,50.875,56.5
48,38,16.375,43.125,56.0,15.0,63.625,22.5,51.0,57.0
48,37,16.5,43.375,56.125,14.875,64.0,22.375,51.125,57.875
47,37,16.375,42.625,55.5,14.75,64.375,22.25,51.25,57.25
47,37,16.0,42.0,55.375,14.75,63.375,22.25,50.25,56.25
48,37,16.125,42.5,55.875,15.0,64.5,22.5,51.25,56.875
48,37,15.75,42.0,57.125,15.0,65.125,22.125,50.875,56.75
48,37,15.5,42.0,57.0,15.625,65.375,22.25,51.0,56.625
48,37,15.5,42.5,56.5,16.25,65.375,22.25,50.25,56.5
48,38,15.375,43.375,56.5,16.75,64.75,22.25,49.75,56.5
48,37,15.625,43.5,56.5,17.0,64.875,22.5,49.375,57.125
48,37,15.375,42.75,56.375,17.125,65.0,22.875,48.375,56.5
48,37,15.25,43.25,55.875,16.625,65.5,23.375,48.875,56.875
48,37,15.125,43.375,56.0,16.375,65.5,23.625,48.75,57.625
48,37,15.125,43.875,56.875,16.75,65.125,24.0,48.125,57.375
47,37,15.125,42.75,56.5,16.75,65.375,24.125,47.625,57.0
47,37,14.875,42.25,56.25,16.5,65.125,24.0,48.0,56.375
47,37,14.0,41.375,55.125,16.875,65.375,24.0,46.875,56.125
46,36,13.625,40.75,51.25,16.125,65.0,24.0,46.75,55.875
46,36,13.625,40.5,50.0,15.625,64.5,23.75,46.5,55.75
46,36,13.625,40.75,51.0,16.0,64.0,24.0,46.75,55.75
46,36,13.625,41.25,51.125,15.75,63.375,24.25,47.125,55.625
45,35,13.625,40.625,47.625,15.25,62.875,24.0,46.75,54.625
46,34,13.875,40.25,46.75,15.375,62.5,24.625,46.75,55.0
48,35,13.875,40.875,47.0,15.5,62.375,24.875,47.0,55.625
48,34,13.875,41.25,48.875,15.625,62.25,25.0,47.75,56.375
49,34,13.75,41.0,47.625,16.25,63.125,24.875,48.625,56.375
49,34,14.0,42.5,47.5,16.75,64.125,24.875,49.0,56.75
48,34,13.625,42.625,48.125,17.125,64.125,25.0,48.625,56.625
49,34,13.875,43.625,47.875,17.25,64.375,25.125,48.875,57.0
49,33,13.75,43.75,47.625,17.5,64.0,24.875,49.25,56.75
50,33,13.75,43.125,47.125,17.375,64.0,24.625,49.875,57.0
52,33,13.875,44.75,48.875,17.75,64.625,25.0,50.875,57.875
52,33,14.0,44.625,47.875,17.5,64.75,25.375,51.0,58.0
51,34,14.125,44.875,46.0,17.375,64.25,25.25,50.0,57.625
51,34,14.25,43.875,44.875,17.5,64.375,25.375,50.0,57.125
51,34,14.25,43.25,45.125,17.375,64.75,25.375,49.75,57.375
51,34,14.75,43.125,45.375,18.125,64.75,25.875,49.75,56.75
52,34,14.75,43.375,45.75,18.0,64.625,25.75,50.0,57.875
53,34,14.75,43.125,46.0,17.625,64.125,25.75,49.625,58.375
54,34,15.0,43.0,46.0,17.75,63.875,26.375,49.875,58.25
55,34,15.0,42.0,46.0,17.75,62.875,26.5,49.75,57.875
54,34,15.375,43.0,46.0,17.5,61.25,26.625,49.625,56.75
54,35,15.625,42.5,45.75,18.125,63.5,27.125,50.0,57.75
54,35,15.5,42.625,45.625,17.75,63.75,27.5,50.0,58.0
55,35,15.5,42.625,45.375,17.875,63.0,27.375,50.125,58.625
56,35,15.875,42.875,45.75,17.75,62.25,27.375,50.0,59.25
57,35,15.75,43.125,46.125,17.75,62.5,27.375,50.0,60.0
56,35,16.0,43.0,45.875,17.75,62.25,27.25,49.875,59.75
56,35,16.125,43.125,45.875,18.0,63.125,27.625,49.875,60.0
55,35,16.125,43.0,45.75,17.875,63.375,27.625,49.875,59.25
55,36,15.75,42.625,45.875,17.625,64.5,27.625,49.625,58.0
58,35,15.875,43.125,45.25,17.875,64.25,27.5,50.0,58.375
58,35,16.125,44.5,44.125,18.125,64.375,27.625,50.75,59.625
59,35,15.75,43.75,42.5,18.375,64.375,27.875,50.375,59.75
60,35,16.0,45.0,39.375,19.375,64.75,27.875,50.125,60.0
60,35,16.125,45.75,38.625,18.875,65.0,27.875,50.0,60.25
59,35,15.75,45.25,38.25,18.875,64.75,27.375,49.75,58.875
58,35,15.75,45.375,38.625,19.625,65.0,27.375,49.625,59.25
58,34,15.875,45.625,39.5,19.75,64.75,27.5,49.125,59.75
59,34,16.375,43.875,35.75,19.75,64.5,27.5,49.25,60.125
57,33,16.5,43.25,34.5,18.875,62.5,26.875,48.625,58.0
57,32,16.375,41.5,34.5,18.0,61.875,27.125,47.625,57.75
57,32,16.25,41.75,34.875,18.25,62.125,27.0,47.125,58.0
58,32,16.375,42.75,35.25,18.5,62.125,27.125,47.375,57.875
59,32,17.75,42.75,35.875,18.875,62.5,27.5,47.0,57.5
58,32,19.0,42.875,36.5,18.5,62.375,27.375,46.5,57.25
59,32,18.0,42.375,38.125,18.25,61.875,27.625,45.625,57.5
59,32,17.75,41.625,39.0,18.5,61.625,27.625,45.125,57.875
59,31,16.375,40.625,40.875,17.75,61.125,27.25,44.75,56.875
60,32,16.25,40.375,43.375,17.875,61.375,27.625,46.125,57.5
60,33,16.5,40.25,44.0,17.875,61.75,27.625,46.5,58.125
60,32,16.125,39.875,43.875,17.875,61.0,27.25,47.125,57.25
61,31,16.375,40.5,43.5,18.125,60.875,27.125,47.625,57.25
61,31,16.375,40.75,43.625,18.125,62.5,27.5,48.125,58.25
61,31,16.0,41.625,44.875,18.0,63.625,28.125,47.125,58.875
61,31,15.875,41.625,42.5,18.25,64.0,28.125,47.125,60.375
60,31,15.5,41.625,41.25,18.0,62.625,28.125,46.875,62.0
59,31,15.25,41.125,43.0,18.625,63.75,28.25,45.625,60.5
59,32,15.0,41.125,42.5,18.0,64.375,28.375,46.0,60.25
58,31,14.75,40.875,42.25,17.875,63.5,28.0,45.25,60.5
55,30,14.125,39.875,41.375,17.0,61.875,27.5,42.875,59.875
56,30,14.25,39.75,41.625,17.0,61.0,26.875,44.25,59.5
58,30,14.75,39.875,42.25,16.375,59.875,26.5,42.75,59.125
59,29,14.75,39.875,42.625,15.5,58.5,26.25,42.5,59.125
59,27,15.5,38.25,42.75,14.125,58.75,26.375,42.75,59.5
58,26,16.0,38.5,42.75,14.125,58.875,26.625,43.625,59.625
57,26,15.75,38.125,43.375,14.375,58.375,26.625,43.75,59.25
55,26,16.125,38.0,43.0,14.25,58.0,26.625,42.75,58.5
53,28,16.25,38.625,44.0,14.625,60.75,27.0,41.875,56.875
54,29,15.875,38.25,44.5,15.125,63.875,26.75,42.0,56.125
50,30,15.5,38.125,43.75,15.375,62.75,25.25,41.25,54.625
52,29,15.125,37.0,42.375,15.375,62.0,25.5,40.5,51.875
53,28,15.0,36.875,43.0,15.25,61.25,26.0,40.25,53.125
54,28,14.875,37.125,42.75,15.0,60.375,26.125,40.125,52.5
53,27,14.625,37.125,44.0,14.75,60.625,25.875,39.75,51.0
52,27,15.75,36.5,43.75,14.75,62.0,26.0,40.25,51.625
52,26,15.75,35.75,43.5,15.0,61.25,26.5,40.375,51.25
52,27,15.625,36.0,43.5,15.0,61.0,25.875,41.75,50.375
50,26,15.375,35.75,43.625,14.875,60.375,23.875,39.75,49.625
48,26,15.375,35.125,43.75,15.125,60.0,22.875,39.5,49.75
48,27,15.875,35.875,44.875,15.75,61.375,22.375,39.5,49.5
46,27,15.75,35.5,44.375,16.0,62.5,21.0,38.0,49.375
45,27,15.625,35.375,43.375,16.5,63.875,21.625,37.625,49.125
42,26,15.25,34.625,41.25,16.375,62.375,21.5,36.375,46.875
45,26,14.875,34.375,41.0,16.5,63.0,21.375,37.0,48.75
48,26,15.125,34.75,41.0,16.25,62.125,23.0,38.0,49.375
47,26,15.0,34.5,40.75,16.125,61.375,23.0,38.5,50.0
48,26,15.0,34.625,41.75,17.0,61.75,23.5,39.0,49.875
48,25,14.5,34.5,41.375,16.75,61.0,23.375,38.25,49.625
48,24,14.5,34.375,42.625,16.75,60.625,23.875,39.0,48.875
48,25,14.875,34.75,43.625,17.0,61.75,24.5,38.625,48.375
48,25,15.25,35.25,44.25,17.125,62.625,23.875,38.625,50.0
47,25,14.875,35.125,45.5,16.5,63.125,24.0,38.5,50.0
47,25,14.75,36.125,47.625,16.75,63.25,24.625,39.0,49.75
47,25,14.75,36.375,48.75,16.75,63.5,24.875,39.25,50.5
47,24,15.0,36.625,49.625,17.25,63.625,25.25,39.5,49.875
47,25,15.5,37.125,50.875,17.25,64.0,25.5,39.5,49.625
46,25,15.875,37.625,53.75,17.25,63.875,25.375,39.0,47.875
46,25,16.0,37.75,51.875,16.75,64.5,24.875,39.0,47.0
45,25,16.5,37.75,50.0,16.5,63.75,25.25,39.0,46.25
45,25,16.5,37.375,49.875,16.375,64.0,25.375,39.0,46.75
44,25,16.375,38.0,48.875,16.5,63.625,25.5,39.0,47.75
43,25,15.5,38.5,47.5,16.125,63.125,25.0,38.25,46.5
43,26,15.75,38.75,46.375,16.125,63.625,25.625,38.0,46.25
40,25,15.75,38.5,45.75,15.875,63.25,24.5,37.125,44.625
40,24,15.75,38.375,47.375,15.875,64.625,24.375,37.625,45.25
40,24,15.375,38.0,46.625,15.75,66.5,24.5,37.375,43.875
39,23,15.0,37.625,45.875,15.875,66.625,24.375,37.0,42.0
41,23,14.625,37.375,46.5,15.5,67.75,24.375,36.875,42.75
44,23,14.75,38.375,47.25,16.375,65.875,25.0,38.25,44.25
43,22,15.0,37.75,47.875,16.625,66.875,25.0,37.75,43.875
42,22,15.125,37.25,47.625,16.5,67.25,25.25,37.375,44.0
43,23,15.125,38.25,47.5,16.875,66.875,25.375,37.375,44.875
43,25,15.125,38.125,48.625,16.625,66.75,25.375,38.25,46.5
43,25,15.375,39.375,50.375,16.875,66.5,25.625,38.375,46.875
44,24,15.125,39.25,51.0,16.375,65.75,25.125,36.75,45.5
43,23,14.75,40.25,50.875,16.0,66.25,24.5,35.875,44.0
43,22,14.375,39.5,49.5,15.875,64.375,23.75,34.875,42.625
44,22,14.625,39.25,48.875,15.875,64.75,23.625,36.0,44.5
46,22,14.375,39.0,49.625,15.375,64.875,23.5,35.25,46.0
45,21,14.25,38.125,48.375,15.0,64.375,22.75,33.25,45.25
46,20,14.125,38.125,48.875,15.125,64.25,22.375,31.5,46.625
48,19,14.375,38.5,48.875,15.75,65.625,22.75,32.25,48.5
48,20,14.625,39.25,50.25,16.25,67.375,25.0,31.875,48.25
48,20,15.0,39.875,52.625,16.125,67.375,25.375,32.25,48.0
47,20,15.0,39.375,51.75,15.875,66.25,25.0,32.375,47.625
47,20,15.25,38.625,51.25,15.625,66.375,25.125,34.25,47.625
47,22,15.125,38.5,51.625,15.5,66.75,24.75,33.5,47.375
46,22,15.125,38.875,50.625,15.375,66.0,24.5,33.375,46.0
46,22,15.25,38.0,50.0,15.125,65.375,24.25,33.125,45.5
44,22,15.5,38.25,49.375,15.125,67.375,24.625,32.75,46.0
44,23,15.875,37.75,48.75,14.875,68.5,24.875,32.625,45.125
44,23,17.0,38.25,47.25,15.125,69.0,25.375,32.75,44.125
46,23,17.5,38.125,48.625,15.0,68.75,25.25,33.375,44.125
46,23,16.625,38.125,49.625,14.625,69.75,24.5,33.0,44.5
45,23,16.625,38.625,51.375,14.75,70.0,25.125,31.75,44.75
44,23,17.0,39.25,51.0,14.875,70.75,24.375,32.875,44.0
44,23,16.75,39.875,50.125,14.875,69.5,24.375,32.25,43.875
44,23,16.75,40.75,49.5,15.125,69.0,25.5,33.875,44.125
45,24,16.625,40.5,50.75,15.5,69.75,25.125,35.375,45.125
46,24,17.0,40.5,51.375,15.625,69.375,24.875,35.0,45.625
46,23,17.0,40.875,51.375,16.125,69.75,24.875,34.875,44.875
46,22,17.0,41.875,50.875,16.0,70.5,24.875,34.875,44.375
46,22,17.25,41.0,51.75,16.125,70.125,26.375,35.125,45.5
47,23,17.875,41.625,51.5,16.625,69.5,27.125,35.375,45.625
42,23,17.625,41.875,49.875,16.5,67.0,26.25,35.0,44.625
44,23,17.375,42.0,49.375,16.75,67.0,26.125,34.625,45.25
44,23,17.375,42.5,49.375,17.125,67.75,26.125,34.375,45.0
43,23,17.625,42.0,48.875,17.125,68.0,26.625,34.5,44.125
43,23,17.875,42.125,48.125,16.75,68.0,26.5,34.25,44.875
42,23,18.0,41.75,46.625,16.75,68.625,26.75,34.375,44.625
43,22,17.875,42.0,43.75,17.125,67.875,26.25,34.25,44.125
44,23,17.875,42.875,43.375,17.0,69.5,26.875,34.125,44.625
45,23,17.75,42.25,42.25,17.25,68.375,26.875,33.125,46.625
45,23,17.875,43.375,42.5,18.0,67.875,27.25,33.875,47.625
46,23,18.25,43.375,44.375,18.5,68.75,27.125,33.5,47.625
46,23,19.125,43.75,44.75,17.75,68.0,26.625,34.0,48.0
45,24,19.875,45.125,45.0,18.0,66.5,26.875,34.125,47.875
44,24,20.375,44.625,43.625,18.75,67.0,27.0,34.0,47.125
45,24,20.5,44.75,43.75,18.5,66.75,26.25,35.0,46.75
45,24,19.875,45.875,43.75,18.875,67.25,25.875,35.125,47.125
45,24,19.75,46.25,43.625,18.625,67.5,25.375,36.125,47.625
44,25,19.25,46.0,43.75,18.875,68.0,26.625,36.5,47.75
44,25,19.375,46.5,43.875,19.0,68.0,26.875,35.5,48.5
44,26,19.625,47.875,43.25,18.5,68.0,27.25,35.0,49.125
45,25,19.625,47.0,42.5,18.5,68.0,27.375,35.75,48.125
45,25,19.125,46.125,42.5,18.75,68.625,27.375,36.625,47.875
46,26,19.875,45.625,42.5,18.875,68.875,27.625,37.75,47.875
46,25,19.5,45.0,42.25,19.25,68.75,27.625,37.5,47.125
46,25,20.25,44.5,40.875,19.25,69.75,27.625,38.5,46.625
45,25,19.5,43.75,40.25,19.0,70.0,27.75,37.25,47.25
45,25,19.625,44.0,40.0,19.25,69.625,27.75,37.5,47.875
45,25,19.625,44.0,38.875,17.375,70.125,27.75,37.875,47.875
44,25,18.625,43.875,37.625,18.0,69.0,27.25,36.25,47.75
44,25,18.375,43.375,38.0,17.375,67.875,26.625,35.5,47.125
46,25,18.625,43.75,39.75,17.5,66.5,26.625,35.5,47.375
44,25,18.375,43.25,38.75,17.625,66.625,25.5,35.5,45.875
44,22,19.375,43.25,31.25,17.75,67.375,24.75,36.125,45.0
43,21,19.375,42.75,28.0,17.125,67.0,23.25,35.875,43.25
45,21,19.5,42.75,27.75,16.625,67.25,23.375,35.0,44.0
45,20,20.25,44.125,29.0,17.0,67.75,24.125,36.0,44.375
44,20,20.25,44.75,29.375,17.375,68.75,23.75,35.5,43.5
44,21,19.875,45.375,28.75,18.125,69.75,24.25,36.0,43.625
45,21,19.875,45.5,29.125,18.375,69.75,24.5,35.875,44.5
48,23,20.0,45.625,30.125,19.0,68.5,26.375,37.0,47.625
49,25,19.75,46.375,31.875,19.375,70.125,26.5,40.0,47.625
48,29,20.5,50.0,36.25,20.625,74.625,27.0,38.625,46.75
47,30,20.75,50.25,37.0,19.875,76.375,27.625,38.375,43.625
47,30,21.125,49.5,36.5,20.375,75.875,27.75,38.125,44.125
48,29,20.125,50.75,35.125,20.125,76.375,28.0,38.5,45.0
49,27,19.875,51.875,36.0,20.125,76.25,27.875,38.625,45.5
46,28,19.375,52.75,37.25,19.875,74.5,28.0,39.25,45.5
47,28,19.5,52.75,37.125,21.0,75.0,27.5,38.75,46.75
47,29,19.75,51.75,37.375,21.0,75.25,28.125,38.875,47.375
49,28,19.375,50.75,37.75,21.375,75.0,28.375,39.75,47.5
49,28,18.375,50.625,38.75,21.125,73.875,28.5,39.25,47.875
51,26,16.875,51.375,40.75,24.125,75.0,28.75,38.75,48.125
51,26,16.625,50.375,40.125,25.125,76.0,29.25,38.375,49.375
52,28,17.25,52.625,45.5,23.75,77.75,29.0,40.875,49.75
51,27,17.5,52.0,43.875,23.125,76.0,27.5,41.5,49.0
52,27,17.375,52.75,43.375,22.875,75.0,27.875,40.625,48.75
51,26,18.0,52.625,47.0,24.5,76.875,28.0,41.875,50.0
48,25,18.125,52.375,49.75,26.25,75.875,27.75,41.25,48.75
47,27,18.25,51.5,48.875,25.25,76.5,27.875,41.75,47.0
48,26,18.875,50.625,47.125,24.875,77.0,27.625,41.25,46.875
49,25,18.0,51.0,46.125,25.25,77.25,27.75,42.0,48.0
49,25,17.75,50.0,45.125,25.0,76.625,27.625,42.5,47.5
48,25,17.75,49.625,44.875,25.0,75.125,27.375,42.375,47.0
47,25,17.0,49.75,43.5,25.0,75.75,26.5,42.375,47.125
47,26,16.0,48.5,41.5,25.0,75.0,26.25,40.375,47.875
46,26,16.125,49.125,42.75,25.0,74.25,27.125,40.375,48.0
46,24,15.75,48.125,41.625,24.125,74.125,26.5,40.375,47.875
47,25,14.875,47.5,40.625,25.0,75.0,27.375,40.25,48.125
48,25,14.5,46.375,40.375,25.75,75.5,27.125,40.5,49.75
49,24,14.5,46.5,41.0,25.75,75.25,27.5,40.75,49.0
49,24,14.875,46.875,40.875,26.0,75.5,27.625,41.125,49.5
50,24,15.25,49.375,40.75,26.75,76.375,27.875,42.125,50.5
50,24,15.25,48.875,40.875,27.25,77.0,28.25,42.0,51.0
50,24,15.75,49.125,41.0,26.75,76.5,28.25,41.25,50.75
49,23,15.375,49.125,40.5,26.125,77.75,28.5,41.25,50.375
48,23,15.625,49.375,40.5,26.125,77.875,28.875,40.875,50.25
47,23,15.625,49.375,40.125,26.125,79.375,28.125,39.25,49.75
48,28,15.625,50.25,39.75,26.125,79.25,27.875,39.75,49.625
48,29,15.5,50.125,39.25,26.375,78.75,28.0,39.625,49.25
48,28,15.75,51.0,39.375,26.25,79.5,27.875,39.75,49.375
48,29,15.875,52.25,39.0,26.5,79.75,27.875,40.25,48.875
47,29,15.5,52.125,38.375,26.25,79.25,27.0,39.625,48.25
47,29,15.375,52.875,37.25,27.0,79.75,27.0,39.25,48.125
47,29,15.375,53.375,36.25,27.5,80.625,26.875,38.625,48.125
47,29,15.625,54.25,37.125,28.75,81.0,27.0,39.125,47.0
47,31,15.875,56.75,36.875,28.375,82.75,27.5,39.625,47.0
48,32,15.875,58.25,38.5,29.625,83.375,28.0,40.375,47.75
47,32,16.0,57.875,38.625,29.25,83.375,27.875,40.875,48.125
47,33,16.0,56.25,37.5,28.875,81.875,27.75,40.625,48.5
46,34,16.25,56.5,37.75,28.125,80.5,27.125,39.5,47.75
47,34,16.25,54.875,40.5,28.25,81.75,28.0,39.25,48.125
47,34,16.25,57.25,41.0,28.0,82.5,27.625,37.75,48.75
49,33,16.25,56.75,41.375,27.75,82.25,27.875,38.0,49.25
48,32,15.75,55.0,41.125,27.625,80.75,26.875,37.375,50.0
48,32,15.5,55.75,40.625,28.5,80.75,26.875,38.875,49.125
47,31,15.25,54.125,40.75,28.0,81.0,26.25,39.625,47.75
47,32,15.25,53.5,41.5,27.875,81.125,26.875,39.5,47.375
47,33,15.375,55.0,42.75,27.75,80.5,27.5,39.75,47.875
46,33,15.75,55.5,43.125,28.25,80.875,27.625,39.875,47.625
46,33,15.875,55.125,42.75,27.625,82.0,27.75,40.75,47.625
46,33,15.875,55.625,43.375,28.0,82.0,27.75,40.5,46.5
47,35,16.25,55.625,44.125,28.875,81.25,27.625,39.625,45.625
47,35,16.125,56.75,47.25,28.25,80.75,27.75,39.375,44.75
46,35,15.75,57.5,49.0,27.375,80.125,27.25,39.75,44.25
46,35,16.0,55.0,50.125,27.25,78.25,27.625,39.5,44.625
47,36,15.75,55.25,50.375,27.0,79.125,27.875,39.625,45.125
47,37,15.75,56.875,46.75,23.75,80.25,27.875,39.625,46.0
47,37,15.125,55.0,47.25,23.0,79.0,27.375,39.125,45.625
46,36,15.625,55.125,48.75,23.625,79.25,27.625,39.125,45.875
45,37,15.875,54.5,47.75,24.0,80.0,27.5,39.25,45.75
45,37,16.125,54.0,48.75,24.5,79.25,27.25,39.625,46.0
45,39,17.5,54.5,48.25,24.375,80.75,27.625,40.0,46.25
45,38,17.5,54.875,47.25,24.0,81.25,27.125,40.75,45.75
46,39,17.75,54.25,48.25,23.375,81.375,26.75,40.625,45.375
47,39,16.875,55.375,48.75,23.5,81.25,26.625,40.0,45.125
47,40,16.5,56.375,48.75,22.75,80.875,26.375,40.0,44.75
47,40,17.375,56.5,49.125,22.875,81.125,25.875,39.875,45.25
48,39,16.625,57.25,49.75,22.5,82.125,27.125,40.0,45.5
47,38,16.125,55.875,51.375,22.5,80.25,26.25,39.75,45.375
47,39,16.25,56.0,50.125,22.75,81.625,26.75,39.625,45.5
46,39,15.75,56.0,49.375,22.125,81.625,26.25,40.0,44.625
46,38,15.75,56.375,49.25,22.25,80.875,26.375,39.5,44.375
46,38,15.75,57.5,49.5,22.75,81.0,26.75,39.375,44.125
46,39,15.625,57.75,50.75,22.75,81.875,27.625,39.875,43.875
46,39,16.125,59.25,51.0,23.0,81.5,27.375,39.75,43.625
46,39,15.875,57.375,50.75,22.625,82.0,27.375,40.125,44.0
46,39,16.0,56.875,49.625,22.75,82.375,27.125,40.0,43.875
46,38,16.375,57.0,50.0,22.5,81.625,26.125,39.875,44.0
46,39,16.5,57.625,49.875,22.625,81.625,26.875,40.125,43.375
46,39,16.75,59.25,51.375,22.75,82.125,27.0,39.875,44.0
46,38,16.75,59.75,51.25,23.0,82.375,27.25,40.0,44.125
48,38,17.375,60.125,51.375,23.625,83.25,27.75,41.125,44.375
48,38,17.75,59.5,52.875,24.625,84.75,28.0,42.0,46.875
48,39,17.625,59.125,54.375,25.125,85.125,27.75,43.25,46.875
48,39,17.625,58.375,56.375,25.25,85.0,27.75,43.25,47.375
48,39,17.125,57.75,55.125,25.125,85.25,27.625,42.5,47.0
47,39,17.5,57.875,53.5,25.875,84.0,27.5,42.75,45.25
48,39,17.375,56.375,52.5,26.5,81.75,26.75,41.5,45.75
47,38,17.75,56.25,53.0,26.25,81.125,26.375,41.625,45.25
48,38,17.875,56.375,53.875,27.0,80.875,26.375,41.75,45.75
47,38,17.25,56.5,53.75,27.0,80.875,26.375,41.375,45.625
48,38,17.625,56.0,54.5,26.375,82.0,26.5,41.375,45.875
49,38,17.75,56.75,54.25,26.25,82.625,26.875,41.25,46.375
49,39,17.75,57.0,54.625,25.875,83.0,26.375,41.875,45.875
49,40,17.75,56.5,53.75,25.75,82.125,26.875,41.0,45.875
48,40,17.625,56.5,53.0,25.5,81.0,27.125,41.0,45.75
48,41,17.625,56.5,51.375,25.25,80.25,27.125,41.5,45.5
46,41,17.5,56.875,51.0,25.75,80.5,27.125,42.5,45.375
45,41,17.5,55.625,50.0,25.0,79.625,26.875,41.375,44.875
45,40,17.5,55.25,50.25,25.25,80.0,27.125,42.25,44.75
45,40,18.125,55.625,52.625,25.875,80.25,27.125,41.5,44.625
45,40,17.75,55.875,52.0,25.5,80.0,27.75,42.375,44.875
45,41,17.875,55.875,50.375,25.375,80.0,27.875,42.125,44.5
46,42,18.0,56.375,52.625,25.5,79.75,27.625,42.375,44.375
45,42,17.875,56.625,53.375,25.375,80.0,27.75,42.0,45.25
45,42,17.5,56.5,53.75,24.75,79.375,27.5,41.75,45.5
44,42,17.625,56.5,54.0,24.75,80.125,27.75,42.25,45.0
44,42,18.375,56.5,54.5,25.0,79.5,27.5,42.125,44.625
44,41,18.25,56.125,54.5,25.375,79.75,26.875,42.5,43.625
45,42,17.75,56.375,55.625,26.125,80.0,26.875,42.125,44.125
45,42,17.875,56.625,57.0,27.125,81.75,26.75,42.25,45.375
45,43,18.0,57.0,58.5,27.125,84.0,26.875,44.0,45.75
45,44,17.875,56.875,59.5,27.25,82.875,26.75,43.5,45.375
45,43,18.0,57.25,58.625,27.625,84.25,27.25,43.25,46.5
45,44,18.375,57.25,59.0,28.625,83.5,27.125,44.25,46.75
44,44,18.5,58.75,59.0,29.875,84.0,27.25,44.625,48.875
43,44,18.75,59.875,57.25,29.75,84.25,27.375,44.375,48.375
43,44,19.25,59.375,55.625,29.0,84.375,27.0,44.0,48.25
43,44,19.0,59.0,53.0,28.375,84.25,26.875,44.5,48.0
43,44,19.125,57.5,50.875,29.375,83.5,26.625,44.5,47.75
44,44,19.125,58.5,51.5,29.75,84.25,26.75,45.125,48.0
43,43,19.125,57.375,54.0,29.75,83.5,26.125,45.125,48.0
44,43,19.375,57.0,55.0,29.875,82.875,26.25,45.5,47.5
46,44,19.75,57.25,57.0,30.0,85.0,26.625,45.25,47.125
46,45,19.75,57.625,57.125,29.75,84.75,27.125,45.625,46.625
45,44,19.5,56.75,56.375,29.0,84.75,27.0,44.75,47.0
45,44,19.5,56.75,54.25,29.125,84.875,27.125,44.875,46.375
45,43,19.5,55.625,54.0,29.0,84.375,27.5,44.375,45.25
46,43,19.375,57.625,53.625,29.5,84.125,27.5,44.25,45.625
46,43,19.5,56.625,53.75,29.375,83.0,27.0,44.5,45.875
46,44,19.625,56.625,53.25,29.25,82.875,26.25,44.875,45.875
46,44,19.75,56.75,52.75,29.25,84.0,26.25,45.0,45.75
46,44,19.75,57.0,53.375,29.0,84.625,26.875,45.0,45.875
46,44,20.0,56.875,52.0,29.0,84.375,26.875,44.125,46.125
46,44,19.625,57.375,50.5,29.0,85.5,26.375,43.375,45.875
47,44,19.625,57.5,50.625,29.375,85.75,26.25,43.25,46.375
46,44,19.0,57.875,48.75,29.0,86.5,26.125,43.25,45.875
45,44,18.125,57.125,51.25,30.125,87.0,25.625,42.5,43.875
45,46,19.0,58.625,55.5,30.5,87.25,25.5,42.75,44.625
48,44,19.375,57.5,54.0,30.375,85.875,26.0,42.75,48.0
48,42,19.125,57.75,51.125,29.875,85.375,26.625,43.875,48.375
48,42,19.0,58.0,53.25,30.125,84.625,26.75,44.125,48.875
48,41,19.0,55.75,51.125,29.25,83.5,26.5,43.625,48.5
49,40,18.875,54.5,51.0,28.0,83.375,26.375,42.875,48.125
50,41,18.875,53.625,54.5,27.75,83.625,26.25,43.375,48.25
50,41,18.375,53.25,55.25,27.875,82.125,26.5,43.5,47.75
49,42,18.375,52.75,55.625,28.0,82.0,26.375,43.375,47.875
49,42,18.5,52.875,56.0,27.5,80.25,26.375,43.0,47.625
50,42,18.625,52.375,56.125,27.625,80.125,26.375,43.5,47.25
52,42,19.125,53.125,57.75,27.375,81.25,26.375,43.25,47.25
52,42,19.0,54.0,59.75,27.0,81.25,26.625,43.625,46.75
51,42,19.125,53.625,57.875,26.375,81.375,26.875,43.25,46.125
51,41,18.875,52.625,56.125,26.375,80.875,26.375,42.375,45.5
50,41,19.125,51.75,54.125,26.875,81.0,26.75,42.125,45.125
49,41,19.0,52.0,54.75,24.375,80.375,27.125,42.375,45.5
48,40,19.0,51.5,55.5,22.875,80.75,26.625,42.375,46.125
49,39,19.375,52.25,55.125,22.0,81.5,26.875,42.875,46.75
49,40,19.5,51.875,55.875,21.75,81.5,26.75,42.375,47.0
49,41,19.75,53.0,57.625,21.625,81.875,26.875,42.375,47.0
50,40,19.75,53.125,58.625,22.5,80.0,26.0,42.25,46.0
49,40,19.875,52.75,57.625,23.0,77.75,26.625,42.375,45.625
49,41,20.125,52.75,57.125,23.125,78.375,26.5,41.75,45.25
50,45,19.75,52.5,59.125,24.0,79.0,26.75,42.25,45.625
50,49,19.75,52.5,59.5,24.75,80.0,26.625,42.0,45.375
50,48,20.0,53.25,62.0,24.5,79.5,26.5,42.375,44.625
50,46,19.375,52.25,61.875,23.5,78.625,26.625,41.875,44.375
50,46,19.625,50.875,64.625,23.25,77.625,26.5,40.75,45.0
50,46,19.625,50.875,64.625,23.25,75.0,26.25,41.25,44.125
50,47,19.875,50.75,62.75,22.875,74.5,25.25,40.625,43.875
49,47,19.5,49.5,60.875,22.75,75.625,25.5,40.5,43.375
